date,account,total_pnl,num_trades,avg_pnl,win_rate,total_volume,avg_leverage,Classification
2023-01-05,0x3998f134d6aaa2b6a5f723806d00fd2bbbbce891,0.0,3,0.0,0.0,476.99280999999996,1.0,Fear
2023-05-12,0xb1231a4a2dd02f2276fa3c5e2a2f3436e6bfed23,0.0,9,0.0,0.0,50005.82917,1.0,Neutral
2024-01-01,0xb1231a4a2dd02f2276fa3c5e2a2f3436e6bfed23,-129.53146,18,-7.196192222222223,0.05555555555555555,264239.51261,1.0,Greed
2024-01-02,0xb1231a4a2dd02f2276fa3c5e2a2f3436e6bfed23,0.0,6,0.0,0.0,2008.1847710000002,1.0,Greed
2024-01-03,0x75f7eeb85dc639d5e99c78f95393aa9a5f1170d4,8244.241409,137,60.176944591240876,0.9343065693430657,472974.663145,1.0,Greed
2024-01-04,0x4f93fead39b70a1824f981a54d4e55b278e9f760,0.840939,29,0.028997896551724137,0.06896551724137931,134989.46131,1.0,Greed
2024-01-04,0x75f7eeb85dc639d5e99c78f95393aa9a5f1170d4,2507.122467,48,52.2317180625,0.8333333333333334,204481.039535,1.0,Greed
2024-01-05,0x4f93fead39b70a1824f981a54d4e55b278e9f760,0.0,14,0.0,0.0,87025.4638,1.0,Greed
2024-01-06,0x8477e447846c758f5a675856001ea72298fd9cb5,91.510419,25,3.66041676,0.36,12834.623744,1.0,Greed
2024-01-07,0x4f93fead39b70a1824f981a54d4e55b278e9f760,1202.488212,13,92.49909323076923,0.6923076923076923,97200.55572,1.0,Greed
2024-01-07,0xb1231a4a2dd02f2276fa3c5e2a2f3436e6bfed23,3863.351096,51,75.7519822745098,0.3333333333333333,265469.58605832,1.0,Greed
2024-01-08,0x3998f134d6aaa2b6a5f723806d00fd2bbbbce891,0.0,1,0.0,0.0,0.7385587107465,1.0,Greed
2024-01-08,0x4f93fead39b70a1824f981a54d4e55b278e9f760,0.0,13,0.0,0.0,143994.99914,1.0,Greed
2024-01-08,0x8477e447846c758f5a675856001ea72298fd9cb5,167.080017,34,4.914118147058823,0.11764705882352941,48714.34987,1.0,Greed
2024-01-08,0xb1231a4a2dd02f2276fa3c5e2a2f3436e6bfed23,0.0,9,0.0,0.0,35064.42504,1.0,Greed
2024-01-09,0x8477e447846c758f5a675856001ea72298fd9cb5,137.433093,12,11.452757750000002,0.4166666666666667,12359.663834683,1.0,Extreme Greed
2024-01-10,0x4f93fead39b70a1824f981a54d4e55b278e9f760,0.0,4,0.0,0.0,139954.32129,1.0,Greed
2024-01-11,0x2c229d22b100a7beb69122eed721cee9b24011dd,-0.09906000000000104,14,-0.00707571428571436,0.2857142857142857,29949.930139999997,1.0,Extreme Greed
2024-01-11,0x4f93fead39b70a1824f981a54d4e55b278e9f760,1040.5747959999999,9,115.61942177777776,0.2222222222222222,231031.10267,1.0,Extreme Greed
2024-01-12,0x23e7a7f8d14b550961925fbfdaa92f5d195ba5bd,0.0,1,0.0,0.0,0.062531380961,1.0,Greed
2024-01-12,0x28736f43f1e871e6aa8b1148d38d4994275d72c4,4458.25495,193,23.099766580310877,0.5025906735751295,47695.61760482,1.0,Greed
2024-01-12,0x3998f134d6aaa2b6a5f723806d00fd2bbbbce891,13.566929,3,4.522309666666667,0.6666666666666666,34.095160279999995,1.0,Greed
2024-01-12,0x39cef799f8b69da1995852eea189df24eb5cae3c,0.0,1,0.0,0.0,199.81188,1.0,Greed
2024-01-12,0x47add9a56df66b524d5e2c1993a43cde53b6ed85,197.422418,4,49.3556045,0.5,1434.857507,1.0,Greed
2024-01-12,0x4f93fead39b70a1824f981a54d4e55b278e9f760,337.835516,27,12.512426518518518,0.5925925925925926,600205.85119,1.0,Greed
2024-01-12,0x8381e6d82f1affd39a336e143e081ef7620a3b7f,0.0,3,0.0,0.0,2998.770608,1.0,Greed
2024-01-12,0x8477e447846c758f5a675856001ea72298fd9cb5,1169.432253,123,9.507579292682927,0.44715447154471544,109899.305676,1.0,Greed
2024-01-12,0xa520ded057a32086c40e7dd6ed4eb8efb82c00e0,34709.852428,61,569.0139742295082,0.8032786885245902,52243.584915,1.0,Greed
2024-02-01,0xb1231a4a2dd02f2276fa3c5e2a2f3436e6bfed23,783.979116,17,46.11641858823529,0.47058823529411764,121348.72987200001,1.0,Greed
2024-02-02,0xb1231a4a2dd02f2276fa3c5e2a2f3436e6bfed23,456.423473,42,10.867225547619048,0.30952380952380953,474278.433764,1.0,Greed
2024-02-03,0x75f7eeb85dc639d5e99c78f95393aa9a5f1170d4,1674.715167,24,69.779798625,0.875,60253.783355,1.0,Greed
2024-02-03,0xb1231a4a2dd02f2276fa3c5e2a2f3436e6bfed23,-1443.814567,7,-206.25922385714284,0.0,2943.7591,1.0,Greed
2024-02-04,0x4f93fead39b70a1824f981a54d4e55b278e9f760,883.760812,37,23.88542735135135,0.32432432432432434,224664.59761,1.0,Greed
2024-02-04,0xb1231a4a2dd02f2276fa3c5e2a2f3436e6bfed23,0.0,4,0.0,0.0,14999.878,1.0,Greed
2024-02-06,0x8477e447846c758f5a675856001ea72298fd9cb5,192.906947,93,2.074268247311828,0.3655913978494624,29464.546476,1.0,Greed
2024-02-07,0xb1231a4a2dd02f2276fa3c5e2a2f3436e6bfed23,2421.253116,18,134.514062,0.7222222222222222,33347.468420000005,1.0,Greed
2024-02-08,0x4f93fead39b70a1824f981a54d4e55b278e9f760,0.0,36,0.0,0.0,295967.1237608986,1.0,Greed
2024-02-08,0x8477e447846c758f5a675856001ea72298fd9cb5,228.247701,15,15.2165134,0.8,29767.081960000003,1.0,Greed
2024-02-08,0xb1231a4a2dd02f2276fa3c5e2a2f3436e6bfed23,554.12049,12,46.1767075,0.4166666666666667,70586.15078,1.0,Greed
2024-02-09,0x4f93fead39b70a1824f981a54d4e55b278e9f760,0.0,2,0.0,0.0,30000.424769999998,1.0,Greed
2024-02-10,0x4f93fead39b70a1824f981a54d4e55b278e9f760,0.0,4,0.0,0.0,99954.34189,1.0,Greed
2024-02-11,0x4f93fead39b70a1824f981a54d4e55b278e9f760,0.0,2,0.0,0.0,39999.9936,1.0,Greed
2024-02-12,0x28736f43f1e871e6aa8b1148d38d4994275d72c4,1283.846047,140,9.170328907142856,0.5214285714285715,19651.645503401953,1.0,Greed
2024-02-12,0x2c229d22b100a7beb69122eed721cee9b24011dd,16196.864846,53,305.60122350943396,0.5660377358490566,124483.23659,1.0,Greed
2024-02-12,0x3998f134d6aaa2b6a5f723806d00fd2bbbbce891,0.0,1,0.0,0.0,1.8491791999999997e-06,1.0,Greed
2024-02-12,0x3f9a0aadc7f04a7c9d75dc1b5a6ddd6e36486cf6,0.0,1,0.0,0.0,46692.72,1.0,Greed
2024-02-12,0x4f93fead39b70a1824f981a54d4e55b278e9f760,754.7378,17,44.396341176470585,0.35294117647058826,300751.23254,1.0,Greed
2024-02-12,0x8381e6d82f1affd39a336e143e081ef7620a3b7f,0.0,6,0.0,0.0,2043.92009,1.0,Greed
2024-02-12,0x8477e447846c758f5a675856001ea72298fd9cb5,254.15562,8,31.7694525,0.125,13343.431700000001,1.0,Greed
2024-02-12,0xae5eacaf9c6b9111fd53034a602c192a04e082ed,0.0,44,0.0,0.0,78277.289414,1.0,Greed
2024-03-01,0xb1231a4a2dd02f2276fa3c5e2a2f3436e6bfed23,866.015507,67,12.925604582089552,0.417910447761194,394499.36837399995,1.0,Extreme Greed
2024-03-02,0xb1231a4a2dd02f2276fa3c5e2a2f3436e6bfed23,223.30918699999998,56,3.9876640535714283,0.10714285714285714,603819.98881,1.0,Extreme Greed
2024-03-03,0x75f7eeb85dc639d5e99c78f95393aa9a5f1170d4,8361.086245,79,105.83653474683545,0.6835443037974683,390745.677042,1.0,Extreme Greed
2024-03-04,0x75f7eeb85dc639d5e99c78f95393aa9a5f1170d4,126.7884,2,63.3942,0.5,6887.901600000001,1.0,Extreme Greed
2024-03-04,0xb1231a4a2dd02f2276fa3c5e2a2f3436e6bfed23,0.0,2,0.0,0.0,9999.66,1.0,Extreme Greed
2024-03-05,0x4f93fead39b70a1824f981a54d4e55b278e9f760,5319.861625,23,231.2983315217391,0.6956521739130435,277373.28015,1.0,Extreme Greed
2024-03-05,0x75f7eeb85dc639d5e99c78f95393aa9a5f1170d4,-13.844579999999999,7,-1.9777971428571426,0.14285714285714285,330.51174000000003,1.0,Extreme Greed
2024-03-05,0xb1231a4a2dd02f2276fa3c5e2a2f3436e6bfed23,0.0,6,0.0,0.0,4978.8469700000005,1.0,Extreme Greed
2024-03-06,0x8477e447846c758f5a675856001ea72298fd9cb5,562.808208,70,8.040117257142859,0.6285714285714286,21466.868433,1.0,Extreme Greed
2024-03-07,0x4f93fead39b70a1824f981a54d4e55b278e9f760,1118.387284,10,111.8387284,0.4,103880.07558,1.0,Extreme Greed
2024-03-07,0xb1231a4a2dd02f2276fa3c5e2a2f3436e6bfed23,0.0,8,0.0,0.0,75720.57960000001,1.0,Extreme Greed
2024-03-08,0x3998f134d6aaa2b6a5f723806d00fd2bbbbce891,0.0,1,0.0,0.0,0.6532699224808001,1.0,Extreme Greed
2024-03-08,0x4f93fead39b70a1824f981a54d4e55b278e9f760,0.0,13,0.0,0.0,112478.99085,1.0,Extreme Greed
2024-03-08,0x8477e447846c758f5a675856001ea72298fd9cb5,464.1897,1,464.1897,1.0,4534.0875,1.0,Extreme Greed
2024-03-08,0xa520ded057a32086c40e7dd6ed4eb8efb82c00e0,0.0,16,0.0,0.0,148507.0173,1.0,Extreme Greed
2024-03-08,0xb1231a4a2dd02f2276fa3c5e2a2f3436e6bfed23,0.0,6,0.0,0.0,25012.139174999997,1.0,Extreme Greed
2024-03-10,0x3f9a0aadc7f04a7c9d75dc1b5a6ddd6e36486cf6,100.375782,5,20.0751564,0.6,12926.692582,1.0,Extreme Greed
2024-03-10,0x4f93fead39b70a1824f981a54d4e55b278e9f760,0.0,4,0.0,0.0,120009.00925,1.0,Extreme Greed
2024-03-11,0x3f9a0aadc7f04a7c9d75dc1b5a6ddd6e36486cf6,0.0,2,0.0,0.0,19061.314599999998,1.0,Extreme Greed
2024-03-11,0x4f93fead39b70a1824f981a54d4e55b278e9f760,0.0,4,0.0,0.0,109994.3553,1.0,Extreme Greed
2024-03-12,0x28736f43f1e871e6aa8b1148d38d4994275d72c4,1190.358719,78,15.261009217948718,0.47435897435897434,7205.024667,1.0,Extreme Greed
2024-03-12,0x2c229d22b100a7beb69122eed721cee9b24011dd,121.535562,59,2.0599247796610167,0.23728813559322035,99449.61683,1.0,Extreme Greed
2024-03-12,0x39cef799f8b69da1995852eea189df24eb5cae3c,0.0,1,0.0,0.0,209.94,1.0,Extreme Greed
2024-03-12,0x47add9a56df66b524d5e2c1993a43cde53b6ed85,30.727222,42,0.7316005238095238,0.023809523809523808,13860.812745,1.0,Extreme Greed
2024-03-12,0x4f93fead39b70a1824f981a54d4e55b278e9f760,1467.1002210000001,9,163.0111356666667,0.4444444444444444,282371.698,1.0,Extreme Greed
2024-03-12,0x8477e447846c758f5a675856001ea72298fd9cb5,-158.695661,6,-26.449276833333332,0.0,16252.407500000001,1.0,Extreme Greed
2024-03-12,0xa520ded057a32086c40e7dd6ed4eb8efb82c00e0,0.0,34,0.0,0.0,99999.991037,1.0,Extreme Greed
2024-03-12,0xae5eacaf9c6b9111fd53034a602c192a04e082ed,20925.513222,145,144.3138842896552,0.7241379310344828,565317.019874,1.0,Extreme Greed
2024-04-01,0xb1231a4a2dd02f2276fa3c5e2a2f3436e6bfed23,-67.60364,5,-13.520728,0.0,99792.53588000001,1.0,Extreme Greed
2024-04-02,0xb1231a4a2dd02f2276fa3c5e2a2f3436e6bfed23,47.62389499999999,35,1.360682714285714,0.2571428571428571,203187.53669,1.0,Extreme Greed
2024-04-03,0x75f7eeb85dc639d5e99c78f95393aa9a5f1170d4,26773.771643,287,93.28840293728223,0.8815331010452961,1574220.04196,1.0,Greed
2024-04-03,0xb1231a4a2dd02f2276fa3c5e2a2f3436e6bfed23,1026.004099,13,78.92339223076922,1.0,3776.704325,1.0,Greed
2024-04-04,0x4f93fead39b70a1824f981a54d4e55b278e9f760,0.0,32,0.0,0.0,95987.71009,1.0,Greed
2024-04-05,0x4f93fead39b70a1824f981a54d4e55b278e9f760,0.0,6,0.0,0.0,53999.33827,1.0,Extreme Greed
2024-04-05,0xb1231a4a2dd02f2276fa3c5e2a2f3436e6bfed23,0.0,3,0.0,0.0,4999.412731,1.0,Extreme Greed
2024-04-06,0x8477e447846c758f5a675856001ea72298fd9cb5,52.211438,53,0.9851214716981133,0.4716981132075472,24243.41788,1.0,Extreme Greed
2024-04-07,0x4f93fead39b70a1824f981a54d4e55b278e9f760,0.0,14,0.0,0.0,255022.20739,1.0,Extreme Greed
2024-04-07,0xb1231a4a2dd02f2276fa3c5e2a2f3436e6bfed23,0.0,11,0.0,0.0,175545.78632,1.0,Extreme Greed
2024-04-08,0x3998f134d6aaa2b6a5f723806d00fd2bbbbce891,0.0,1,0.0,0.0,0.0148834807169,1.0,Extreme Greed
2024-04-08,0x4f93fead39b70a1824f981a54d4e55b278e9f760,-108604.496278,72,-1508.395781638889,0.0,901551.09052,1.0,Extreme Greed
2024-04-08,0x8477e447846c758f5a675856001ea72298fd9cb5,109.005815,17,6.412106764705882,0.17647058823529413,36193.88766,1.0,Extreme Greed
2024-04-08,0xa520ded057a32086c40e7dd6ed4eb8efb82c00e0,-14176.51042,10,-1417.651042,0.0,134929.86401,1.0,Extreme Greed
2024-04-08,0xb1231a4a2dd02f2276fa3c5e2a2f3436e6bfed23,0.0,27,0.0,0.0,135069.21964596535,1.0,Extreme Greed
2024-04-09,0x4f93fead39b70a1824f981a54d4e55b278e9f760,0.0,1,0.0,0.0,35004.977759999994,1.0,Extreme Greed
2024-04-09,0xb1231a4a2dd02f2276fa3c5e2a2f3436e6bfed23,1065.785132,33,32.29651915151515,0.15151515151515152,96475.971625,1.0,Extreme Greed
2024-04-10,0xb1231a4a2dd02f2276fa3c5e2a2f3436e6bfed23,0.0,1,0.0,0.0,0.33810461189999996,1.0,Extreme Greed
2024-04-11,0x3f9a0aadc7f04a7c9d75dc1b5a6ddd6e36486cf6,540.05911,10,54.005911000000005,1.0,19601.33563,1.0,Extreme Greed
2024-04-11,0x4f93fead39b70a1824f981a54d4e55b278e9f760,2259.351364,26,86.89812938461539,0.5,432210.65523000003,1.0,Extreme Greed
2024-04-12,0x28736f43f1e871e6aa8b1148d38d4994275d72c4,9066.169646,112,80.94794326785714,0.5357142857142857,18567.70397,1.0,Extreme Greed
2024-04-12,0x2c229d22b100a7beb69122eed721cee9b24011dd,7591.307059,37,205.17046105405404,0.6756756756756757,126798.859413,1.0,Extreme Greed
2024-04-12,0x47add9a56df66b524d5e2c1993a43cde53b6ed85,910.584797,102,8.927301931372549,0.13725490196078433,81173.18078,1.0,Extreme Greed
2024-04-12,0x4f93fead39b70a1824f981a54d4e55b278e9f760,291.35271,13,22.411746923076922,0.23076923076923078,261052.40642,1.0,Extreme Greed
2024-04-12,0x8381e6d82f1affd39a336e143e081ef7620a3b7f,33.26141600000001,10,3.326141600000001,0.2,6696.076131000001,1.0,Extreme Greed
2024-04-12,0xae5eacaf9c6b9111fd53034a602c192a04e082ed,0.0,1,0.0,0.0,0.09528007164,1.0,Extreme Greed
2024-04-12,0xb1231a4a2dd02f2276fa3c5e2a2f3436e6bfed23,274999.139393,44,6249.98044075,1.0,274999.3759,1.0,Extreme Greed
2024-05-01,0xb1231a4a2dd02f2276fa3c5e2a2f3436e6bfed23,164.141565,66,2.486993409090909,0.19696969696969696,1703942.66731,1.0,Neutral
2024-05-02,0xb1231a4a2dd02f2276fa3c5e2a2f3436e6bfed23,-33.45419400000003,72,-0.4646415833333337,0.19444444444444445,770198.24871,1.0,Fear
2024-05-03,0x75f7eeb85dc639d5e99c78f95393aa9a5f1170d4,19791.026041,180,109.95014467222222,0.9055555555555556,841810.2949559999,1.0,Neutral
2024-05-04,0x4f93fead39b70a1824f981a54d4e55b278e9f760,4444.4983010000005,10,444.44983010000004,0.7,172531.55694,1.0,Greed
2024-05-04,0x75f7eeb85dc639d5e99c78f95393aa9a5f1170d4,5296.433789,82,64.59065596341463,0.9146341463414634,305295.18457,1.0,Greed
2024-05-04,0xb1231a4a2dd02f2276fa3c5e2a2f3436e6bfed23,965.5522159999999,8,120.69402699999999,1.0,25965.090216,1.0,Greed
2024-05-05,0x4f93fead39b70a1824f981a54d4e55b278e9f760,0.0,4,0.0,0.0,23986.044540000003,1.0,Greed
2024-05-05,0x75f7eeb85dc639d5e99c78f95393aa9a5f1170d4,0.916,2,0.458,0.5,82.3,1.0,Greed
2024-05-06,0x8477e447846c758f5a675856001ea72298fd9cb5,56.055506,54,1.038064925925926,0.2962962962962963,25350.75432,1.0,Greed
2024-05-07,0x4f93fead39b70a1824f981a54d4e55b278e9f760,0.0,20,0.0,0.0,270298.73488,1.0,Greed
2024-05-07,0xb1231a4a2dd02f2276fa3c5e2a2f3436e6bfed23,0.0,12,0.0,0.0,1991.1425,1.0,Greed
2024-05-08,0x4f93fead39b70a1824f981a54d4e55b278e9f760,-4779.219012,17,-281.130530117647,0.0,213738.15505,1.0,Greed
2024-05-08,0x8477e447846c758f5a675856001ea72298fd9cb5,160.44369899999998,17,9.437864647058822,0.4117647058823529,40082.495469999994,1.0,Greed
2024-05-08,0xa520ded057a32086c40e7dd6ed4eb8efb82c00e0,0.0,2,0.0,0.0,20107.609360000002,1.0,Greed
2024-05-08,0xb1231a4a2dd02f2276fa3c5e2a2f3436e6bfed23,-8394.889856,44,-190.79295127272727,0.5909090909090909,146567.11354,1.0,Greed
2024-05-09,0x3998f134d6aaa2b6a5f723806d00fd2bbbbce891,0.0,1,0.0,0.0,0.8427951946369999,1.0,Greed
2024-05-10,0x430f09841d65beb3f27765503d0f850b8bce7713,0.0,1,0.0,0.0,0.6097209532352,1.0,Greed
2024-05-10,0x4f93fead39b70a1824f981a54d4e55b278e9f760,5767.161892,36,160.19894144444444,0.6666666666666666,605605.10482,1.0,Greed
2024-05-11,0x4f93fead39b70a1824f981a54d4e55b278e9f760,678.4759280000001,10,67.8475928,0.5,200627.22152,1.0,Neutral
2024-05-12,0x271b280974205ca63b716753467d5a371de622ab,208.81746,4,52.204365,0.75,158123.95074,1.0,Greed
2024-05-12,0x28736f43f1e871e6aa8b1148d38d4994275d72c4,14685.787664,98,149.8549761632653,0.4897959183673469,25406.08335,1.0,Greed
2024-05-12,0x2c229d22b100a7beb69122eed721cee9b24011dd,2069.92634,33,62.7250406060606,0.9090909090909091,29373.48212,1.0,Greed
2024-05-12,0x39cef799f8b69da1995852eea189df24eb5cae3c,0.0,6,0.0,0.0,61428.490470000004,1.0,Greed
2024-05-12,0x47add9a56df66b524d5e2c1993a43cde53b6ed85,3174.023699,290,10.944909306896552,0.36551724137931035,170421.22679,1.0,Greed
2024-05-12,0x4f93fead39b70a1824f981a54d4e55b278e9f760,1435.68724,19,75.56248631578947,0.10526315789473684,761409.1185600001,1.0,Greed
2024-05-12,0x8381e6d82f1affd39a336e143e081ef7620a3b7f,0.0,2,0.0,0.0,588.53396,1.0,Greed
2024-05-12,0xb1231a4a2dd02f2276fa3c5e2a2f3436e6bfed23,49999.876084999996,4,12499.969021249999,1.0,49999.912800000006,1.0,Greed
2024-06-01,0xb1231a4a2dd02f2276fa3c5e2a2f3436e6bfed23,135.58166400000002,22,6.16280290909091,0.45454545454545453,298521.41284,1.0,Greed
2024-06-02,0xb1231a4a2dd02f2276fa3c5e2a2f3436e6bfed23,-215.615907,1088,-0.19817638511029412,0.1645220588235294,8047153.469136,1.0,Greed
2024-06-03,0x75f7eeb85dc639d5e99c78f95393aa9a5f1170d4,6814.825139,82,83.10762364634145,0.8780487804878049,327217.990646,1.0,Greed
2024-06-04,0x4f93fead39b70a1824f981a54d4e55b278e9f760,236.33513399999998,16,14.770945874999999,0.25,68223.66744,1.0,Greed
2024-06-05,0x4f93fead39b70a1824f981a54d4e55b278e9f760,968.59038,9,107.62115333333333,0.4444444444444444,206016.42648,1.0,Extreme Greed
2024-06-06,0x8477e447846c758f5a675856001ea72298fd9cb5,274.173187,234,1.1716802863247862,0.42735042735042733,137557.83376,1.0,Extreme Greed
2024-06-07,0xb1231a4a2dd02f2276fa3c5e2a2f3436e6bfed23,108.87217799999999,24,4.53634075,0.2916666666666667,2490.18429332,1.0,Extreme Greed
2024-06-08,0x3998f134d6aaa2b6a5f723806d00fd2bbbbce891,215.754798,27,7.9909184444444445,0.2962962962962963,771.00886197,1.0,Greed
2024-06-08,0xb1231a4a2dd02f2276fa3c5e2a2f3436e6bfed23,51.56325,80,0.644540625,0.0625,60707.384908,1.0,Greed
2024-06-09,0x4f93fead39b70a1824f981a54d4e55b278e9f760,0.0,4,0.0,0.0,34990.67483,1.0,Extreme Greed
2024-06-09,0xb1231a4a2dd02f2276fa3c5e2a2f3436e6bfed23,-1104.856765,38,-29.07517802631579,0.0,4056.44,1.0,Extreme Greed
2024-06-10,0x4f93fead39b70a1824f981a54d4e55b278e9f760,130.487079,22,5.9312308636363635,0.22727272727272727,300130.58184,1.0,Greed
2024-06-11,0x2c229d22b100a7beb69122eed721cee9b24011dd,-3.41119,3,-1.1370633333333333,0.0,2000.5190900000002,1.0,Greed
2024-06-11,0x4f93fead39b70a1824f981a54d4e55b278e9f760,2821.24842,12,235.10403499999998,0.5833333333333334,121906.39295000001,1.0,Greed
2024-06-12,0x083384f897ee0f19899168e3b1bec365f52a9012,-175611.00005600002,33,-5321.545456242425,0.0,1212300.0,1.0,Greed
2024-06-12,0x23e7a7f8d14b550961925fbfdaa92f5d195ba5bd,0.0,34,0.0,0.0,48513.604419999996,1.0,Greed
2024-06-12,0x28736f43f1e871e6aa8b1148d38d4994275d72c4,389.176232,69,5.640235246376812,0.2318840579710145,8956.58181,1.0,Greed
2024-06-12,0x2c229d22b100a7beb69122eed721cee9b24011dd,-123.870122,9,-13.763346888888888,0.0,20916.396080000002,1.0,Greed
2024-06-12,0x39cef799f8b69da1995852eea189df24eb5cae3c,0.0,20,0.0,0.0,33151.04106,1.0,Greed
2024-06-12,0x420ab45e0bd8863569a5efbb9c05d91f40624641,0.0,45,0.0,0.0,480326.65345,1.0,Greed
2024-06-12,0x47add9a56df66b524d5e2c1993a43cde53b6ed85,514.886454,108,4.767467166666666,0.2962962962962963,108996.50833,1.0,Greed
2024-06-12,0x4f93fead39b70a1824f981a54d4e55b278e9f760,7206.315268,59,122.14093674576272,0.3559322033898305,1482566.50945,1.0,Greed
2024-06-12,0x8381e6d82f1affd39a336e143e081ef7620a3b7f,0.0,1,0.0,0.0,292.1076,1.0,Greed
2024-06-12,0xb1231a4a2dd02f2276fa3c5e2a2f3436e6bfed23,74999.848329,25,2999.99393316,1.0,74999.9029,1.0,Greed
2024-07-01,0xb1231a4a2dd02f2276fa3c5e2a2f3436e6bfed23,-835.681235,97,-8.615270463917525,0.09278350515463918,1048850.051251,1.0,Neutral
2024-07-02,0xb1231a4a2dd02f2276fa3c5e2a2f3436e6bfed23,241.24212,15,16.082808,0.13333333333333333,6758.70464,1.0,Neutral
2024-07-04,0x4f93fead39b70a1824f981a54d4e55b278e9f760,0.0,23,0.0,0.0,49988.1611,1.0,Fear
2024-07-05,0x4f93fead39b70a1824f981a54d4e55b278e9f760,656.21704,10,65.621704,0.7,98901.26674,1.0,Fear
2024-07-05,0x75f7eeb85dc639d5e99c78f95393aa9a5f1170d4,0.0,1,0.0,0.0,47.5908,1.0,Fear
2024-07-05,0xb1231a4a2dd02f2276fa3c5e2a2f3436e6bfed23,227.320653,7,32.474379,0.2857142857142857,9768.729818,1.0,Fear
2024-07-06,0x4f93fead39b70a1824f981a54d4e55b278e9f760,7329.223137999999,52,140.94659880769228,0.5769230769230769,785972.72355,1.0,Fear
2024-07-06,0x8477e447846c758f5a675856001ea72298fd9cb5,1573.244278,374,4.2065355026737965,0.39037433155080214,311530.04929,1.0,Fear
2024-07-06,0xb1231a4a2dd02f2276fa3c5e2a2f3436e6bfed23,0.0,14,0.0,0.0,1086.1204,1.0,Fear
2024-07-07,0xb1231a4a2dd02f2276fa3c5e2a2f3436e6bfed23,61.428942,10,6.1428942,1.0,498.75,1.0,Fear
2024-07-08,0x3998f134d6aaa2b6a5f723806d00fd2bbbbce891,0.0,11,0.0,0.0,0.0450830701291172,1.0,Fear
2024-07-08,0xa520ded057a32086c40e7dd6ed4eb8efb82c00e0,0.0,1,0.0,0.0,499.99980659999994,1.0,Fear
2024-07-08,0xb1231a4a2dd02f2276fa3c5e2a2f3436e6bfed23,188.789255,21,8.989964523809524,0.47619047619047616,1992.724711,1.0,Fear
2024-07-10,0x4f93fead39b70a1824f981a54d4e55b278e9f760,0.0,21,0.0,0.0,219984.64516000001,1.0,Fear
2024-07-11,0x3f9a0aadc7f04a7c9d75dc1b5a6ddd6e36486cf6,503.46257599999996,16,31.466410999999997,0.6875,30868.50256,1.0,Fear
2024-07-11,0x4f93fead39b70a1824f981a54d4e55b278e9f760,628.96246,2,314.48123,0.5,60628.85038,1.0,Fear
2024-07-11,0xa520ded057a32086c40e7dd6ed4eb8efb82c00e0,3360.9281,95,35.37819052631579,0.5052631578947369,19837.895983,1.0,Fear
2024-07-12,0x23e7a7f8d14b550961925fbfdaa92f5d195ba5bd,3515.031065,26,135.1935025,0.9615384615384616,52028.638548605624,1.0,Fear
2024-07-12,0x28736f43f1e871e6aa8b1148d38d4994275d72c4,4008.012049,86,46.60479126744186,0.4186046511627907,13732.261566,1.0,Fear
2024-07-12,0x47add9a56df66b524d5e2c1993a43cde53b6ed85,1040.616939,180,5.781205216666667,0.35,104429.789403,1.0,Fear
2024-07-12,0x4f93fead39b70a1824f981a54d4e55b278e9f760,2342.996384,4,585.749096,1.0,198481.44078,1.0,Fear
2024-07-12,0x8381e6d82f1affd39a336e143e081ef7620a3b7f,0.0,3,0.0,0.0,3063.884,1.0,Fear
2024-07-12,0xb1231a4a2dd02f2276fa3c5e2a2f3436e6bfed23,74999.62263,5,14999.924525999999,0.6,79997.34360000001,1.0,Fear
2024-08-01,0xb1231a4a2dd02f2276fa3c5e2a2f3436e6bfed23,-269.874439,128,-2.1083940546875,0.25,1522452.47911,1.0,Neutral
2024-08-02,0xb1231a4a2dd02f2276fa3c5e2a2f3436e6bfed23,770.756024,10,77.07560240000001,0.4,26051.1241,1.0,Greed
2024-08-03,0x75f7eeb85dc639d5e99c78f95393aa9a5f1170d4,4271.886236,67,63.7594960597015,0.8805970149253731,183583.229574,1.0,Fear
2024-08-04,0x4f93fead39b70a1824f981a54d4e55b278e9f760,0.0,28,0.0,0.0,163166.37758,1.0,Fear
2024-08-04,0x75f7eeb85dc639d5e99c78f95393aa9a5f1170d4,1218.4267,2,609.21335,0.5,48774.2675,1.0,Fear
2024-08-05,0x4f93fead39b70a1824f981a54d4e55b278e9f760,0.0,10,0.0,0.0,65834.18689,1.0,Fear
2024-08-05,0x75f7eeb85dc639d5e99c78f95393aa9a5f1170d4,1.56576,3,0.52192,0.3333333333333333,139.3856,1.0,Fear
2024-08-06,0x4f93fead39b70a1824f981a54d4e55b278e9f760,0.0,7,0.0,0.0,45002.66072,1.0,Extreme Fear
2024-08-06,0x8477e447846c758f5a675856001ea72298fd9cb5,129.13883900000002,22,5.869947227272728,0.36363636363636365,52349.20393,1.0,Extreme Fear
2024-08-07,0xb1231a4a2dd02f2276fa3c5e2a2f3436e6bfed23,0.0,1,0.0,0.0,497.64,1.0,Fear
2024-08-08,0xa520ded057a32086c40e7dd6ed4eb8efb82c00e0,-40.712216999999995,4,-10.178054249999999,0.0,459.286946344876,1.0,Extreme Fear
2024-08-08,0xb1231a4a2dd02f2276fa3c5e2a2f3436e6bfed23,0.0,5,0.0,0.0,15840.06808,1.0,Extreme Fear
2024-08-09,0xa520ded057a32086c40e7dd6ed4eb8efb82c00e0,0.0,1,0.0,0.0,0.10981749839999999,1.0,Neutral
2024-08-10,0x4f93fead39b70a1824f981a54d4e55b278e9f760,5396.546638,35,154.1870468,0.9428571428571428,434583.5492586675,1.0,Fear
2024-08-10,0xb1231a4a2dd02f2276fa3c5e2a2f3436e6bfed23,0.0,1,0.0,0.0,0.5789372017734,1.0,Fear
2024-08-11,0x2c229d22b100a7beb69122eed721cee9b24011dd,-710.786946,15,-47.3857964,0.0,30058.801590000003,1.0,Fear
2024-08-11,0x4f93fead39b70a1824f981a54d4e55b278e9f760,646.3734049999999,24,26.932225208333332,0.25,240641.62217000002,1.0,Fear
2024-08-12,0x28736f43f1e871e6aa8b1148d38d4994275d72c4,554.009942,102,5.431470019607843,0.4215686274509804,7922.517702,1.0,Fear
2024-08-12,0x47add9a56df66b524d5e2c1993a43cde53b6ed85,227.072158,69,3.29090084057971,0.36231884057971014,29212.998682,1.0,Fear
2024-08-12,0x4f93fead39b70a1824f981a54d4e55b278e9f760,0.0,7,0.0,0.0,59993.63124,1.0,Fear
2024-08-12,0x8381e6d82f1affd39a336e143e081ef7620a3b7f,-21.54374,5,-4.308748,0.0,4923.7859,1.0,Fear
2024-08-12,0xb1231a4a2dd02f2276fa3c5e2a2f3436e6bfed23,0.0,145,0.0,0.0,517950.21755,1.0,Fear
2024-08-12,0xbee1707d6b44d4d52bfe19e41f8a828645437aab,15206.395076,92,165.286903,0.9130434782608695,312936.5093,1.0,Fear
2024-09-01,0xb1231a4a2dd02f2276fa3c5e2a2f3436e6bfed23,-826.349863,70,-11.804998042857143,0.2571428571428571,870051.9215299999,1.0,Fear
2024-09-03,0x75f7eeb85dc639d5e99c78f95393aa9a5f1170d4,9949.501624,117,85.03847541880343,0.8290598290598291,658178.765539,1.0,Fear
2024-09-04,0x4f93fead39b70a1824f981a54d4e55b278e9f760,0.0,3,0.0,0.0,57063.83727,1.0,Fear
2024-09-05,0x4f93fead39b70a1824f981a54d4e55b278e9f760,1147.595856,25,45.903834239999995,0.44,216990.58761,1.0,Fear
2024-09-05,0xb1231a4a2dd02f2276fa3c5e2a2f3436e6bfed23,0.0,3,0.0,0.0,4975.5408800000005,1.0,Fear
2024-09-06,0x4f93fead39b70a1824f981a54d4e55b278e9f760,0.0,5,0.0,0.0,20999.96204,1.0,Extreme Fear
2024-09-06,0xb1231a4a2dd02f2276fa3c5e2a2f3436e6bfed23,0.0,12,0.0,0.0,1410.2548,1.0,Extreme Fear
2024-09-07,0xb1231a4a2dd02f2276fa3c5e2a2f3436e6bfed23,648.984412,15,43.265627466666665,1.0,2736.4455,1.0,Extreme Fear
2024-09-08,0x430f09841d65beb3f27765503d0f850b8bce7713,0.0,1,0.0,0.0,0.12018765060899998,1.0,Fear
2024-09-08,0x4f93fead39b70a1824f981a54d4e55b278e9f760,11147.900554,12,928.9917128333333,0.75,132037.98469,1.0,Fear
2024-09-08,0x8477e447846c758f5a675856001ea72298fd9cb5,151.092375,69,2.1897445652173912,0.2463768115942029,43836.43094,1.0,Fear
2024-09-08,0xa520ded057a32086c40e7dd6ed4eb8efb82c00e0,0.0,2,0.0,0.0,499.9993488,1.0,Fear
2024-09-08,0xb1231a4a2dd02f2276fa3c5e2a2f3436e6bfed23,6783.078347,60,113.05130578333333,0.2833333333333333,326830.28645200003,1.0,Fear
2024-09-09,0xb1231a4a2dd02f2276fa3c5e2a2f3436e6bfed23,0.0,2,0.0,0.0,4014.42,1.0,Fear
2024-09-10,0x4f93fead39b70a1824f981a54d4e55b278e9f760,396.06272,14,28.290194285714286,0.21428571428571427,220399.92491,1.0,Fear
2024-09-11,0x4f93fead39b70a1824f981a54d4e55b278e9f760,0.0,9,0.0,0.0,150000.42254,1.0,Fear
2024-09-11,0x8477e447846c758f5a675856001ea72298fd9cb5,102.90894,77,1.3364797402597404,0.24675324675324675,43383.974666,1.0,Fear
2024-09-12,0x23e7a7f8d14b550961925fbfdaa92f5d195ba5bd,0.0,46,0.0,0.0,52066.89038,1.0,Fear
2024-09-12,0x28736f43f1e871e6aa8b1148d38d4994275d72c4,768.430838,213,3.6076565164319248,0.5915492957746479,18772.117176,1.0,Fear
2024-09-12,0x39cef799f8b69da1995852eea189df24eb5cae3c,483.662076,8,60.4577595,1.0,4824.8,1.0,Fear
2024-09-12,0x47add9a56df66b524d5e2c1993a43cde53b6ed85,311.290605,55,5.659829181818182,0.34545454545454546,21974.657322,1.0,Fear
2024-09-12,0x4f93fead39b70a1824f981a54d4e55b278e9f760,2350.499742,17,138.26469070588234,0.4117647058823529,359668.85375,1.0,Fear
2024-09-12,0x513b8629fe877bb581bf244e326a047b249c4ff1,0.0,42,0.0,0.0,70653.27716,1.0,Fear
2024-09-12,0x75f7eeb85dc639d5e99c78f95393aa9a5f1170d4,0.01574,7,0.0022485714285714288,0.42857142857142855,117.10452,1.0,Fear
2024-09-12,0x8381e6d82f1affd39a336e143e081ef7620a3b7f,0.0,4,0.0,0.0,1763.8026,1.0,Fear
2024-09-12,0xaf40fdc468c30116bd3307bcbf4a451a7ebf1deb,0.0,4,0.0,0.0,7875.47287,1.0,Fear
2024-09-12,0xbee1707d6b44d4d52bfe19e41f8a828645437aab,2397.068675,143,16.76271800699301,0.06293706293706294,446232.75073,1.0,Fear
2024-10-01,0xb1231a4a2dd02f2276fa3c5e2a2f3436e6bfed23,-1517.091342,193,-7.860576901554404,0.21243523316062177,2057479.485642,1.0,Neutral
2024-10-03,0x75f7eeb85dc639d5e99c78f95393aa9a5f1170d4,2482.9272,42,59.117314285714286,0.6904761904761905,219973.8624,1.0,Fear
2024-10-04,0x4f93fead39b70a1824f981a54d4e55b278e9f760,5207.443414,41,127.01081497560976,0.8780487804878049,351735.94638,1.0,Fear
2024-10-05,0x4f93fead39b70a1824f981a54d4e55b278e9f760,2101.741695,22,95.53371340909092,0.2727272727272727,156881.99536,1.0,Neutral
2024-10-06,0x4f93fead39b70a1824f981a54d4e55b278e9f760,0.0,4,0.0,0.0,24000.3042,1.0,Neutral
2024-10-06,0x8477e447846c758f5a675856001ea72298fd9cb5,31.266804999999998,49,0.6380980612244898,0.3673469387755102,22587.60126,1.0,Neutral
2024-10-07,0x4f93fead39b70a1824f981a54d4e55b278e9f760,11595.627026,43,269.66574479069766,0.7674418604651163,671917.08763,1.0,Neutral
2024-10-07,0xb1231a4a2dd02f2276fa3c5e2a2f3436e6bfed23,382.10788099999996,13,29.39291392307692,0.38461538461538464,15983.09712,1.0,Neutral
2024-10-08,0x430f09841d65beb3f27765503d0f850b8bce7713,0.0,1,0.0,0.0,0.6836117511191,1.0,Neutral
2024-10-08,0xb1231a4a2dd02f2276fa3c5e2a2f3436e6bfed23,0.0,87,0.0,0.0,11338.5929852,1.0,Neutral
2024-10-09,0xa520ded057a32086c40e7dd6ed4eb8efb82c00e0,-219.729659,2,-109.8648295,0.0,1780.54659,1.0,Neutral
2024-10-09,0xb1231a4a2dd02f2276fa3c5e2a2f3436e6bfed23,0.0,1,0.0,0.0,766.7395,1.0,Neutral
2024-10-10,0x4f93fead39b70a1824f981a54d4e55b278e9f760,0.0,16,0.0,0.0,300024.33151,1.0,Fear
2024-10-11,0x3f9a0aadc7f04a7c9d75dc1b5a6ddd6e36486cf6,0.0,1,0.0,0.0,9836.881200000002,1.0,Fear
2024-10-11,0x4f93fead39b70a1824f981a54d4e55b278e9f760,548.36595,8,68.54574375,0.75,180546.94639,1.0,Fear
2024-10-11,0x8477e447846c758f5a675856001ea72298fd9cb5,442.748384,164,2.699685268292683,0.27439024390243905,223252.886796,1.0,Fear
2024-10-12,0x23e7a7f8d14b550961925fbfdaa92f5d195ba5bd,2517.787385,64,39.340427890625,0.984375,54584.6791731354,1.0,Neutral
2024-10-12,0x28736f43f1e871e6aa8b1148d38d4994275d72c4,980.557461,157,6.245588923566879,0.6751592356687898,18780.673768,1.0,Neutral
2024-10-12,0x2c229d22b100a7beb69122eed721cee9b24011dd,130.883691,12,10.90697425,0.5833333333333334,19024.834548,1.0,Neutral
2024-10-12,0x39cef799f8b69da1995852eea189df24eb5cae3c,0.0,3,0.0,0.0,67566.11481,1.0,Neutral
2024-10-12,0x47add9a56df66b524d5e2c1993a43cde53b6ed85,1474.670598,182,8.102585703296702,0.36813186813186816,93195.847422,1.0,Neutral
2024-10-12,0x4f93fead39b70a1824f981a54d4e55b278e9f760,3986.312514,36,110.73090316666668,0.3333333333333333,700941.13405,1.0,Neutral
2024-10-12,0x75f7eeb85dc639d5e99c78f95393aa9a5f1170d4,3634.56814,153,23.755347320261436,0.9607843137254902,214389.55488,1.0,Neutral
2024-10-12,0x8381e6d82f1affd39a336e143e081ef7620a3b7f,0.0,1,0.0,0.0,587.9664,1.0,Neutral
2024-10-12,0xa520ded057a32086c40e7dd6ed4eb8efb82c00e0,0.0,8,0.0,0.0,109744.79418,1.0,Neutral
2024-10-12,0xbd5fead7180a9c139fa51a103cb6a2ce86ddb5c3,0.0,52,0.0,0.0,145530.3739,1.0,Neutral
2024-10-12,0xbee1707d6b44d4d52bfe19e41f8a828645437aab,26600.990442,928,28.664860390086204,0.5765086206896551,1726077.87638,1.0,Neutral
2024-11-01,0x3998f134d6aaa2b6a5f723806d00fd2bbbbce891,0.0,2,0.0,0.0,46133.865,1.0,Extreme Greed
2024-11-01,0xb1231a4a2dd02f2276fa3c5e2a2f3436e6bfed23,-164.08950099999998,19,-8.636289526315789,0.2631578947368421,259180.22134,1.0,Extreme Greed
2024-11-02,0xb1231a4a2dd02f2276fa3c5e2a2f3436e6bfed23,983.443176,34,28.924799294117648,0.20588235294117646,212311.821349,1.0,Greed
2024-11-03,0x75f7eeb85dc639d5e99c78f95393aa9a5f1170d4,3588.179495,42,85.43284511904761,0.9285714285714286,176519.42601,1.0,Greed
2024-11-04,0x4f93fead39b70a1824f981a54d4e55b278e9f760,389.743164,16,24.35894775,0.125,76400.96631999999,1.0,Greed
2024-11-05,0x4f93fead39b70a1824f981a54d4e55b278e9f760,251.604742,9,27.956082444444444,1.0,63248.936779999996,1.0,Greed
2024-11-06,0x4f93fead39b70a1824f981a54d4e55b278e9f760,0.0,21,0.0,0.0,276003.43851,1.0,Greed
2024-11-06,0x8477e447846c758f5a675856001ea72298fd9cb5,51.081143,27,1.8918941851851852,0.3333333333333333,18808.466223,1.0,Greed
2024-11-06,0xb1231a4a2dd02f2276fa3c5e2a2f3436e6bfed23,4269.550668,75,56.92734224,0.10666666666666667,78468.0051,1.0,Greed
2024-11-07,0x4f93fead39b70a1824f981a54d4e55b278e9f760,1876.812082,19,98.77958326315789,0.47368421052631576,169887.01205999998,1.0,Extreme Greed
2024-11-08,0x4f93fead39b70a1824f981a54d4e55b278e9f760,847.7766200000001,8,105.97207750000001,0.5,40839.86261,1.0,Extreme Greed
2024-11-08,0xb1231a4a2dd02f2276fa3c5e2a2f3436e6bfed23,0.0,16,0.0,0.0,3390.355813,1.0,Extreme Greed
2024-11-09,0x430f09841d65beb3f27765503d0f850b8bce7713,0.0,1,0.0,0.0,0.5380624473,1.0,Extreme Greed
2024-11-10,0x430f09841d65beb3f27765503d0f850b8bce7713,0.0,1,0.0,0.0,0.72653649866,1.0,Extreme Greed
2024-11-10,0x4f93fead39b70a1824f981a54d4e55b278e9f760,8885.327477,25,355.41309908000005,0.72,488903.44082,1.0,Extreme Greed
2024-11-11,0x083384f897ee0f19899168e3b1bec365f52a9012,0.0,177,0.0,0.0,900880.06254,1.0,Extreme Greed
2024-11-11,0x3f9a0aadc7f04a7c9d75dc1b5a6ddd6e36486cf6,393.07947,4,98.2698675,1.0,10229.96067,1.0,Extreme Greed
2024-11-11,0x4f93fead39b70a1824f981a54d4e55b278e9f760,1479.677222,20,73.9838611,0.45,331422.14819,1.0,Extreme Greed
2024-11-11,0x8477e447846c758f5a675856001ea72298fd9cb5,4876.874304,172,28.35392037209302,0.45930232558139533,328040.096859,1.0,Extreme Greed
2024-11-12,0x28736f43f1e871e6aa8b1148d38d4994275d72c4,1582.001112,93,17.010764645161288,0.34408602150537637,11570.319042,1.0,Extreme Greed
2024-11-12,0x2c229d22b100a7beb69122eed721cee9b24011dd,8544.6855,19,449.7202894736842,0.5263157894736842,124463.03493,1.0,Extreme Greed
2024-11-12,0x39cef799f8b69da1995852eea189df24eb5cae3c,3721.345649,4,930.33641225,1.0,160050.20304,1.0,Extreme Greed
2024-11-12,0x47add9a56df66b524d5e2c1993a43cde53b6ed85,1157.689489,325,3.562121504615385,0.3353846153846154,99971.156275,1.0,Extreme Greed
2024-11-12,0x4f93fead39b70a1824f981a54d4e55b278e9f760,1083.777057,30,36.1259019,0.26666666666666666,699939.45019,1.0,Extreme Greed
2024-11-12,0x6d6a4b953f202f8df5bed40692e7fd865318264a,698.009722,8,87.25121525,1.0,1093.3899999999999,1.0,Extreme Greed
2024-11-12,0x75f7eeb85dc639d5e99c78f95393aa9a5f1170d4,1567.4026840000001,23,68.1479427826087,0.34782608695652173,161572.274884,1.0,Extreme Greed
2024-11-12,0xa520ded057a32086c40e7dd6ed4eb8efb82c00e0,994.238977,15,66.28259846666667,1.0,2475.03051,1.0,Extreme Greed
2024-11-12,0xaf40fdc468c30116bd3307bcbf4a451a7ebf1deb,39.7705,1,39.7705,1.0,7158.61769,1.0,Extreme Greed
2024-11-12,0xb1231a4a2dd02f2276fa3c5e2a2f3436e6bfed23,274998.942584,156,1762.8137345128205,1.0,274999.12359,1.0,Extreme Greed
2024-11-12,0xbd5fead7180a9c139fa51a103cb6a2ce86ddb5c3,0.0,17,0.0,0.0,10836.08273,1.0,Extreme Greed
2024-11-12,0xbee1707d6b44d4d52bfe19e41f8a828645437aab,24663.690943,530,46.53526593018868,0.9792452830188679,639969.68158,1.0,Extreme Greed
2024-12-01,0xb1231a4a2dd02f2276fa3c5e2a2f3436e6bfed23,-1925.519024,7,-275.0741462857143,0.0,200082.27383999998,1.0,Extreme Greed
2024-12-02,0xb1231a4a2dd02f2276fa3c5e2a2f3436e6bfed23,913.8817869999998,16,57.11761168749999,0.375,227247.68179,1.0,Extreme Greed
2024-12-03,0x75f7eeb85dc639d5e99c78f95393aa9a5f1170d4,3039.166,8,379.89575,0.875,103040.842,1.0,Extreme Greed
2024-12-04,0x4f93fead39b70a1824f981a54d4e55b278e9f760,0.0,21,0.0,0.0,149909.06549,1.0,Extreme Greed
2024-12-04,0x75f7eeb85dc639d5e99c78f95393aa9a5f1170d4,2237.798674,93,24.062351333333336,0.7634408602150538,261851.91671999998,1.0,Extreme Greed
2024-12-04,0xb1231a4a2dd02f2276fa3c5e2a2f3436e6bfed23,-2830.444513,15,-188.69630086666666,0.0,30327.612813,1.0,Extreme Greed
2024-12-05,0x4f93fead39b70a1824f981a54d4e55b278e9f760,0.0,10,0.0,0.0,45004.64505,1.0,Extreme Greed
2024-12-05,0xb1231a4a2dd02f2276fa3c5e2a2f3436e6bfed23,0.0,13,0.0,0.0,10174.894231999999,1.0,Extreme Greed
2024-12-06,0x8477e447846c758f5a675856001ea72298fd9cb5,-21886.531493,217,-100.85959213364055,0.0967741935483871,191886.9571,1.0,Greed
2024-12-06,0xb1231a4a2dd02f2276fa3c5e2a2f3436e6bfed23,0.0,37,0.0,0.0,1520.99,1.0,Greed
2024-12-07,0x4f93fead39b70a1824f981a54d4e55b278e9f760,0.0,10,0.0,0.0,76006.65283,1.0,Extreme Greed
2024-12-07,0xb1231a4a2dd02f2276fa3c5e2a2f3436e6bfed23,1412.314654,9,156.92385044444444,1.0,13576.314310000002,1.0,Extreme Greed
2024-12-08,0x430f09841d65beb3f27765503d0f850b8bce7713,0.0,1,0.0,0.0,0.6108533208,1.0,Extreme Greed
2024-12-08,0x4f93fead39b70a1824f981a54d4e55b278e9f760,858.6705000000001,16,53.666906250000004,0.375,44140.40858,1.0,Extreme Greed
2024-12-08,0xb1231a4a2dd02f2276fa3c5e2a2f3436e6bfed23,0.0,31,0.0,0.0,10026.313096,1.0,Extreme Greed
2024-12-10,0x4f93fead39b70a1824f981a54d4e55b278e9f760,541.55471,10,54.155471,0.7,159713.39476,1.0,Extreme Greed
2024-12-11,0x39cef799f8b69da1995852eea189df24eb5cae3c,0.0,2,0.0,0.0,10390.599040000001,1.0,Greed
2024-12-11,0x3f9a0aadc7f04a7c9d75dc1b5a6ddd6e36486cf6,0.0,4,0.0,0.0,5276.554,1.0,Greed
2024-12-11,0x4f93fead39b70a1824f981a54d4e55b278e9f760,2053.119744,74,27.744861405405405,0.16216216216216217,1062217.70011,1.0,Greed
2024-12-11,0x8477e447846c758f5a675856001ea72298fd9cb5,1441.27965,91,15.838237912087912,0.24175824175824176,148469.64243,1.0,Greed
2024-12-12,0x28736f43f1e871e6aa8b1148d38d4994275d72c4,5806.86932,147,39.50251238095238,0.5578231292517006,22071.378636,1.0,Extreme Greed
2024-12-12,0x2c229d22b100a7beb69122eed721cee9b24011dd,7639.595794,62,123.219287,0.6290322580645161,345079.71272,1.0,Extreme Greed
2024-12-12,0x420ab45e0bd8863569a5efbb9c05d91f40624641,1762.46,10,176.246,1.0,67508.1,1.0,Extreme Greed
2024-12-12,0x47add9a56df66b524d5e2c1993a43cde53b6ed85,574.398074,159,3.6125665031446537,0.2893081761006289,72883.802862,1.0,Extreme Greed
2024-12-12,0x4f93fead39b70a1824f981a54d4e55b278e9f760,0.0,31,0.0,0.0,379879.42229,1.0,Extreme Greed
2024-12-12,0x513b8629fe877bb581bf244e326a047b249c4ff1,0.0,89,0.0,0.0,296563.77085,1.0,Extreme Greed
2024-12-12,0x6d6a4b953f202f8df5bed40692e7fd865318264a,362.84131,4,90.7103275,1.0,532.2900000000001,1.0,Extreme Greed
2024-12-12,0x72c6a4624e1dffa724e6d00d64ceae698af892a0,0.0,17,0.0,0.0,23755.54,1.0,Extreme Greed
2024-12-12,0x75f7eeb85dc639d5e99c78f95393aa9a5f1170d4,323.34897900000016,52,6.218249596153849,0.07692307692307693,185290.01877999998,1.0,Extreme Greed
2024-12-12,0xa520ded057a32086c40e7dd6ed4eb8efb82c00e0,2512.437585,4,628.10939625,1.0,5497.65892646,1.0,Extreme Greed
2024-12-12,0xaf40fdc468c30116bd3307bcbf4a451a7ebf1deb,15.24474,1,15.24474,1.0,771.8704200000001,1.0,Extreme Greed
2024-12-12,0xb1231a4a2dd02f2276fa3c5e2a2f3436e6bfed23,449328.107544,314,1430.9812342165606,1.0,449328.36461,1.0,Extreme Greed
2024-12-12,0xbd5fead7180a9c139fa51a103cb6a2ce86ddb5c3,0.0,1,0.0,0.0,5158.5,1.0,Extreme Greed
2024-12-12,0xbee1707d6b44d4d52bfe19e41f8a828645437aab,130826.491662,1041,125.67386326801153,0.8146013448607109,2702869.30694,1.0,Extreme Greed
2025-01-01,0x28736f43f1e871e6aa8b1148d38d4994275d72c4,109.82694000000001,59,1.861473559322034,0.3559322033898305,15537.488188000001,1.0,Greed
2025-01-01,0x39cef799f8b69da1995852eea189df24eb5cae3c,-9655.676981,12,-804.6397484166667,0.4166666666666667,183247.16869999998,1.0,Greed
2025-01-01,0x47add9a56df66b524d5e2c1993a43cde53b6ed85,17.784696,16,1.1115435,0.1875,10126.42559,1.0,Greed
2025-01-01,0x4f93fead39b70a1824f981a54d4e55b278e9f760,0.0,1,0.0,0.0,49999.507320000004,1.0,Greed
2025-01-01,0x7f4f299f74eec87806a830e3caa9afa5f2b9db8f,0.0,3,0.0,0.0,22667.4807,1.0,Greed
2025-01-01,0x8381e6d82f1affd39a336e143e081ef7620a3b7f,0.0,5,0.0,0.0,1004.01021,1.0,Greed
2025-01-02,0x23e7a7f8d14b550961925fbfdaa92f5d195ba5bd,1162.002541,78,14.897468474358975,0.32051282051282054,163388.06844,1.0,Greed
2025-01-02,0x28736f43f1e871e6aa8b1148d38d4994275d72c4,3.536668000000001,51,0.06934643137254903,0.4117647058823529,53933.26438,1.0,Greed
2025-01-02,0x2c229d22b100a7beb69122eed721cee9b24011dd,88.50699399999999,21,4.214618761904761,0.5714285714285714,117810.03702,1.0,Greed
2025-01-02,0x47add9a56df66b524d5e2c1993a43cde53b6ed85,526.448209,33,15.95297603030303,0.696969696969697,16189.148356,1.0,Greed
2025-01-02,0x4f93fead39b70a1824f981a54d4e55b278e9f760,0.0,4,0.0,0.0,90002.75443,1.0,Greed
2025-01-02,0x6d6a4b953f202f8df5bed40692e7fd865318264a,0.0,5,0.0,0.0,9938.118380000002,1.0,Greed
2025-01-02,0x75f7eeb85dc639d5e99c78f95393aa9a5f1170d4,9609.447365,148,64.92869841216216,0.7702702702702703,595897.147038,1.0,Greed
2025-01-02,0x8170715b3b381dffb7062c0298972d4727a0a63b,0.0,18,0.0,0.0,13921.38288,1.0,Greed
2025-01-02,0x8477e447846c758f5a675856001ea72298fd9cb5,1579.909758,60,26.3318293,0.48333333333333334,36909.231521,1.0,Greed
2025-01-02,0xa0feb3725a9335f49874d7cd8eaad6be45b27416,923.487443,18,51.30485794444444,1.0,25021.874180000003,1.0,Greed
2025-01-02,0xb1231a4a2dd02f2276fa3c5e2a2f3436e6bfed23,15452.344326,11,1404.758575090909,0.2727272727272727,15404.298504,1.0,Greed
2025-01-02,0xbee1707d6b44d4d52bfe19e41f8a828645437aab,2954.521713,187,15.799581352941177,0.7112299465240641,225330.92616,1.0,Greed
2025-01-03,0x083384f897ee0f19899168e3b1bec365f52a9012,9482.221441,45,210.7160320222222,0.8,134360.89128,1.0,Greed
2025-01-03,0x28736f43f1e871e6aa8b1148d38d4994275d72c4,557.9358,37,15.079345945945946,0.3783783783783784,31087.882273879997,1.0,Greed
2025-01-03,0x47add9a56df66b524d5e2c1993a43cde53b6ed85,109.593094,27,4.059003481481481,0.4444444444444444,16664.16327,1.0,Greed
2025-01-03,0x72c6a4624e1dffa724e6d00d64ceae698af892a0,0.0,14,0.0,0.0,11079.0,1.0,Greed
2025-01-03,0xbee1707d6b44d4d52bfe19e41f8a828645437aab,446.358633,51,8.75213005882353,0.3137254901960784,70632.18909,1.0,Greed
2025-01-04,0x28736f43f1e871e6aa8b1148d38d4994275d72c4,768.351892,41,18.740290048780487,0.6585365853658537,17318.833386000002,1.0,Greed
2025-01-04,0x2c229d22b100a7beb69122eed721cee9b24011dd,1334.414834,9,148.26831488888888,0.4444444444444444,10737.38551,1.0,Greed
2025-01-04,0x47add9a56df66b524d5e2c1993a43cde53b6ed85,-680.287463,19,-35.80460331578947,0.3157894736842105,4701.3349579999995,1.0,Greed
2025-01-04,0x4f93fead39b70a1824f981a54d4e55b278e9f760,1402.082488,20,70.1041244,0.4,141406.3498,1.0,Greed
2025-01-04,0x513b8629fe877bb581bf244e326a047b249c4ff1,0.0,13,0.0,0.0,179501.51322,1.0,Greed
2025-01-04,0x6d6a4b953f202f8df5bed40692e7fd865318264a,132.71954399999998,14,9.479967428571427,0.2857142857142857,27360.343671000002,1.0,Greed
2025-01-04,0x8170715b3b381dffb7062c0298972d4727a0a63b,4004.50286,13,308.03868153846156,0.9230769230769231,123441.05797,1.0,Greed
2025-01-04,0xbd5fead7180a9c139fa51a103cb6a2ce86ddb5c3,-9311.892185,28,-332.5675780357143,0.0,157040.892185,1.0,Greed
2025-01-04,0xbee1707d6b44d4d52bfe19e41f8a828645437aab,147.445788,35,4.2127368,0.7714285714285715,42937.41169,1.0,Greed
2025-01-05,0x23e7a7f8d14b550961925fbfdaa92f5d195ba5bd,1243.853569,250,4.975414276,0.324,203876.52064,1.0,Greed
2025-01-05,0x28736f43f1e871e6aa8b1148d38d4994275d72c4,16.923621,2,8.4618105,1.0,270.6356,1.0,Greed
2025-01-05,0x47add9a56df66b524d5e2c1993a43cde53b6ed85,37.385304,7,5.340757714285714,0.14285714285714285,2093.09473,1.0,Greed
2025-01-05,0x4f93fead39b70a1824f981a54d4e55b278e9f760,1220.746604,14,87.196186,0.5,201224.79376,1.0,Greed
2025-01-05,0x513b8629fe877bb581bf244e326a047b249c4ff1,60544.304874,329,184.0252427781155,0.7173252279635258,7472659.2227,1.0,Greed
2025-01-05,0x8477e447846c758f5a675856001ea72298fd9cb5,-200.94846,19,-10.576234736842105,0.0,5883.48733,1.0,Greed
2025-01-05,0xa0feb3725a9335f49874d7cd8eaad6be45b27416,1449.529436,288,5.0330883194444445,0.3506944444444444,325695.52537,1.0,Greed
2025-01-05,0xb1231a4a2dd02f2276fa3c5e2a2f3436e6bfed23,102460.17164,73,1403.563995068493,0.7808219178082192,252734.0692,1.0,Greed
2025-01-05,0xbaaaf6571ab7d571043ff1e313a9609a10637864,1.86032,1,1.86032,1.0,3.8992,1.0,Greed
2025-01-05,0xbd5fead7180a9c139fa51a103cb6a2ce86ddb5c3,-113601.02013799999,116,-979.3191391206896,0.008620689655172414,1935050.23072,1.0,Greed
2025-01-05,0xbee1707d6b44d4d52bfe19e41f8a828645437aab,1364.022527,131,10.412385702290077,0.3282442748091603,320749.12869,1.0,Greed
2025-02-01,0x28736f43f1e871e6aa8b1148d38d4994275d72c4,416.546688,101,4.124224633663366,0.45544554455445546,21987.031235000002,1.0,Greed
2025-02-01,0x47add9a56df66b524d5e2c1993a43cde53b6ed85,677.276764,90,7.525297377777777,0.4777777777777778,49367.22899,1.0,Greed
2025-02-01,0x4f93fead39b70a1824f981a54d4e55b278e9f760,2399.9471460000004,19,126.31300768421055,0.42105263157894735,372066.42124,1.0,Greed
2025-02-01,0x72c6a4624e1dffa724e6d00d64ceae698af892a0,0.0,3,0.0,0.0,26682.58,1.0,Greed
2025-02-01,0x75f7eeb85dc639d5e99c78f95393aa9a5f1170d4,3429.9583199999997,53,64.71619471698112,0.9433962264150944,205117.66662,1.0,Greed
2025-02-01,0x7f4f299f74eec87806a830e3caa9afa5f2b9db8f,1008.518954,9,112.05766155555555,0.5555555555555556,60827.0666,1.0,Greed
2025-02-01,0x8170715b3b381dffb7062c0298972d4727a0a63b,739.18423,3,246.3947433333333,1.0,3012.4831099999997,1.0,Greed
2025-02-01,0x8477e447846c758f5a675856001ea72298fd9cb5,45.086985,77,0.5855452597402597,0.12987012987012986,25614.709025,1.0,Greed
2025-02-01,0xb1231a4a2dd02f2276fa3c5e2a2f3436e6bfed23,0.0,6,0.0,0.0,9999.66912,1.0,Greed
2025-02-02,0x083384f897ee0f19899168e3b1bec365f52a9012,76710.0,10,7671.0,0.9,1858470.0,1.0,Greed
2025-02-02,0x23e7a7f8d14b550961925fbfdaa92f5d195ba5bd,6352.452613,517,12.28714238491296,0.4506769825918762,1443682.018057995,1.0,Greed
2025-02-02,0x28736f43f1e871e6aa8b1148d38d4994275d72c4,-1416.906536,91,-15.570401494505495,0.054945054945054944,120908.2229362,1.0,Greed
2025-02-02,0x47add9a56df66b524d5e2c1993a43cde53b6ed85,-782.6517170000001,108,-7.246775157407408,0.25,51360.101682,1.0,Greed
2025-02-02,0x4f93fead39b70a1824f981a54d4e55b278e9f760,0.0,30,0.0,0.0,762553.85565,1.0,Greed
2025-02-02,0x72c6a4624e1dffa724e6d00d64ceae698af892a0,0.0,37,0.0,0.0,30974.600000000002,1.0,Greed
2025-02-02,0x8170715b3b381dffb7062c0298972d4727a0a63b,0.0,30,0.0,0.0,40000.1302,1.0,Greed
2025-02-02,0x8381e6d82f1affd39a336e143e081ef7620a3b7f,0.0,19,0.0,0.0,36931.9508,1.0,Greed
2025-02-02,0x8477e447846c758f5a675856001ea72298fd9cb5,1023.934713,60,17.06557855,0.25,64164.587052999996,1.0,Greed
2025-02-02,0x92f17e8d81a944691c10e753af1b1baae1a2cd0d,12245.905048999999,169,72.46097662130177,0.4437869822485207,400644.02538,1.0,Greed
2025-02-02,0xa0feb3725a9335f49874d7cd8eaad6be45b27416,0.0,29,0.0,0.0,35103.477170000006,1.0,Greed
2025-02-02,0xb1231a4a2dd02f2276fa3c5e2a2f3436e6bfed23,69051.70619,88,784.6784794318181,0.8068181818181818,575314.560168,1.0,Greed
2025-02-02,0xbee1707d6b44d4d52bfe19e41f8a828645437aab,-329.680689,131,-2.5166464809160303,0.2900763358778626,240984.82216,1.0,Greed
2025-02-03,0x28736f43f1e871e6aa8b1148d38d4994275d72c4,8330.21747,73,114.11256808219177,0.7671232876712328,104558.41837,1.0,Fear
2025-02-03,0x47add9a56df66b524d5e2c1993a43cde53b6ed85,349.12092600000005,21,16.624806000000003,0.38095238095238093,23240.57411,1.0,Fear
2025-02-03,0x4f93fead39b70a1824f981a54d4e55b278e9f760,11005.991600000001,26,423.30736923076927,0.8076923076923077,1128567.1637600001,1.0,Fear
2025-02-03,0x72c6a4624e1dffa724e6d00d64ceae698af892a0,10915.212,25,436.60848,1.0,34151.04,1.0,Fear
2025-02-03,0x75f7eeb85dc639d5e99c78f95393aa9a5f1170d4,948.6016900000001,12,79.05014083333334,0.9166666666666666,47082.78511,1.0,Fear
2025-02-03,0x8170715b3b381dffb7062c0298972d4727a0a63b,0.0,2,0.0,0.0,4999.954000000001,1.0,Fear
2025-02-03,0xa0feb3725a9335f49874d7cd8eaad6be45b27416,625.512206,32,19.5472564375,0.5,54119.314099999996,1.0,Fear
2025-02-03,0xb899e522b5715391ae1d4f137653e7906c5e2115,34795.678173,155,224.48824627741936,0.4838709677419355,3841996.3622,1.0,Fear
2025-02-03,0xbd5fead7180a9c139fa51a103cb6a2ce86ddb5c3,-2632.65866,84,-31.341174523809524,0.0,1026164.59262,1.0,Fear
2025-02-03,0xbee1707d6b44d4d52bfe19e41f8a828645437aab,2576.6453030000002,102,25.261228460784316,0.5392156862745098,195968.55396,1.0,Fear
2025-02-04,0x28736f43f1e871e6aa8b1148d38d4994275d72c4,669.381363,70,9.5625909,0.6,28989.411385,1.0,Greed
2025-02-04,0x2c229d22b100a7beb69122eed721cee9b24011dd,1.1031579999999999,6,0.18385966666666664,0.3333333333333333,2371.44799,1.0,Greed
2025-02-04,0x47add9a56df66b524d5e2c1993a43cde53b6ed85,93.006465,4,23.25161625,0.75,1623.720182,1.0,Greed
2025-02-04,0x4acb90e786d897ecffb614dc822eb231b4ffb9f4,444.205198,16,27.762824875,0.625,599582.18549,1.0,Greed
2025-02-04,0x4f93fead39b70a1824f981a54d4e55b278e9f760,0.0,1,0.0,0.0,19999.70368,1.0,Greed
2025-02-04,0x6d6a4b953f202f8df5bed40692e7fd865318264a,234.497751,34,6.896992676470588,0.2647058823529412,38102.248901,1.0,Greed
2025-02-04,0x75f7eeb85dc639d5e99c78f95393aa9a5f1170d4,90.98474,11,8.27134,0.8181818181818182,32180.002756,1.0,Greed
2025-02-04,0x8170715b3b381dffb7062c0298972d4727a0a63b,8045.056928,7,1149.2938468571429,1.0,14999.984799999998,1.0,Greed
2025-02-04,0xbaaaf6571ab7d571043ff1e313a9609a10637864,188114.980392,743,253.18301533243607,1.0,2826888.51345,1.0,Greed
2025-02-04,0xbd5fead7180a9c139fa51a103cb6a2ce86ddb5c3,2676.6850000000004,66,40.55583333333334,0.9393939393939394,186250.5,1.0,Greed
2025-02-04,0xbee1707d6b44d4d52bfe19e41f8a828645437aab,1842.839943,118,15.617287652542373,0.6440677966101694,116943.01874,1.0,Greed
2025-03-01,0x28736f43f1e871e6aa8b1148d38d4994275d72c4,250.581483,69,3.6316156956521737,0.5217391304347826,14983.417711,1.0,Extreme Fear
2025-03-01,0x39cef799f8b69da1995852eea189df24eb5cae3c,0.0,1,0.0,0.0,6217.4763,1.0,Extreme Fear
2025-03-01,0x47add9a56df66b524d5e2c1993a43cde53b6ed85,846.655814,102,8.300547196078432,0.23529411764705882,32800.714375999996,1.0,Extreme Fear
2025-03-01,0x4f93fead39b70a1824f981a54d4e55b278e9f760,3084.287743,48,64.25599464583333,0.6041666666666666,462922.46307,1.0,Extreme Fear
2025-03-01,0x72c6a4624e1dffa724e6d00d64ceae698af892a0,0.0,6,0.0,0.0,36394.5,1.0,Extreme Fear
2025-03-01,0x7f4f299f74eec87806a830e3caa9afa5f2b9db8f,937.789615,26,36.06883134615385,0.6538461538461539,51369.189080000004,1.0,Extreme Fear
2025-03-01,0x8477e447846c758f5a675856001ea72298fd9cb5,909.1721379999999,177,5.136565751412429,0.1807909604519774,44562.63221,1.0,Extreme Fear
2025-03-01,0xb1231a4a2dd02f2276fa3c5e2a2f3436e6bfed23,0.0,18,0.0,0.0,10040.31171,1.0,Extreme Fear
2025-03-01,0xbd5fead7180a9c139fa51a103cb6a2ce86ddb5c3,0.0,61,0.0,0.0,111918.4,1.0,Extreme Fear
2025-03-02,0x083384f897ee0f19899168e3b1bec365f52a9012,101011.685664,839,120.39533452205006,0.30512514898688914,19794543.60682,1.0,Fear
2025-03-02,0x28736f43f1e871e6aa8b1148d38d4994275d72c4,439.634046,75,5.861787280000001,0.6,93869.34637504553,1.0,Fear
2025-03-02,0x47add9a56df66b524d5e2c1993a43cde53b6ed85,2440.916534,182,13.411629307692307,0.4010989010989011,115299.895909,1.0,Fear
2025-03-02,0x75f7eeb85dc639d5e99c78f95393aa9a5f1170d4,14982.681725,351,42.68570292022792,0.7492877492877493,1032269.138799,1.0,Fear
2025-03-02,0x8170715b3b381dffb7062c0298972d4727a0a63b,13770.715332,119,115.72029690756303,0.8067226890756303,42245.01892,1.0,Fear
2025-03-02,0x8381e6d82f1affd39a336e143e081ef7620a3b7f,0.0,8,0.0,0.0,18810.28514,1.0,Fear
2025-03-02,0x8477e447846c758f5a675856001ea72298fd9cb5,1474.607584,138,10.685562202898552,0.4855072463768116,227057.571922,1.0,Fear
2025-03-02,0xa0feb3725a9335f49874d7cd8eaad6be45b27416,2161.6751200000003,15,144.1116746666667,0.4,128667.92277,1.0,Fear
2025-03-02,0xa520ded057a32086c40e7dd6ed4eb8efb82c00e0,20.596691,1,20.596691,1.0,999.9071999999999,1.0,Fear
2025-03-02,0xb1231a4a2dd02f2276fa3c5e2a2f3436e6bfed23,46742.288748,258,181.17166181395348,0.3449612403100775,343928.412582,1.0,Fear
2025-03-02,0xbd5fead7180a9c139fa51a103cb6a2ce86ddb5c3,160022.95082600001,69,2319.173200376812,1.0,223835.21258,1.0,Fear
2025-03-02,0xbee1707d6b44d4d52bfe19e41f8a828645437aab,5803.573999,325,17.857150766153847,0.4246153846153846,571375.07892,1.0,Fear
2025-03-03,0x083384f897ee0f19899168e3b1bec365f52a9012,533974.662903,641,833.0337954804993,0.8424336973478939,5365898.3968,1.0,Fear
2025-03-03,0x23e7a7f8d14b550961925fbfdaa92f5d195ba5bd,2480.902379,110,22.55365799090909,0.45454545454545453,219900.95831,1.0,Fear
2025-03-03,0x28736f43f1e871e6aa8b1148d38d4994275d72c4,494.669357,58,8.52878201724138,0.3620689655172414,31141.83517,1.0,Fear
2025-03-03,0x47add9a56df66b524d5e2c1993a43cde53b6ed85,376.017126,33,11.394458363636364,0.36363636363636365,19510.141,1.0,Fear
2025-03-03,0x4acb90e786d897ecffb614dc822eb231b4ffb9f4,0.0,19,0.0,0.0,199936.2877,1.0,Fear
2025-03-03,0x4f93fead39b70a1824f981a54d4e55b278e9f760,1136.272279,12,94.68935658333334,0.5,321169.4578,1.0,Fear
2025-03-03,0x72c6a4624e1dffa724e6d00d64ceae698af892a0,17247.427499999998,16,1077.9642187499999,0.625,60552.146700000005,1.0,Fear
2025-03-03,0x75f7eeb85dc639d5e99c78f95393aa9a5f1170d4,-370.250064,101,-3.6658422178217824,0.6039603960396039,102889.30345,1.0,Fear
2025-03-03,0x8170715b3b381dffb7062c0298972d4727a0a63b,0.0,8,0.0,0.0,4999.95,1.0,Fear
2025-03-03,0x8477e447846c758f5a675856001ea72298fd9cb5,468.35197800000003,68,6.887529088235294,0.3382352941176471,39158.985482000004,1.0,Fear
2025-03-03,0xa0feb3725a9335f49874d7cd8eaad6be45b27416,60.171373,176,0.34188280113636366,0.08522727272727272,41276.3198,1.0,Fear
2025-03-03,0xb899e522b5715391ae1d4f137653e7906c5e2115,535.4072209999999,31,17.27120067741935,0.45161290322580644,523107.7863,1.0,Fear
2025-03-03,0xbd5fead7180a9c139fa51a103cb6a2ce86ddb5c3,57561.35367,136,423.2452475735294,0.8235294117647058,1171195.48375,1.0,Fear
2025-03-03,0xbee1707d6b44d4d52bfe19e41f8a828645437aab,2448.046511,73,33.534883712328764,0.6575342465753424,143853.56556,1.0,Fear
2025-03-04,0x23e7a7f8d14b550961925fbfdaa92f5d195ba5bd,0.0,1,0.0,0.0,54768.600000000006,1.0,Extreme Fear
2025-03-04,0x28736f43f1e871e6aa8b1148d38d4994275d72c4,149.51234499999998,85,1.758968764705882,0.11764705882352941,38532.163798,1.0,Extreme Fear
2025-03-04,0x2c229d22b100a7beb69122eed721cee9b24011dd,160.127816,26,6.158762153846154,0.7307692307692307,19222.616082,1.0,Extreme Fear
2025-03-04,0x39cef799f8b69da1995852eea189df24eb5cae3c,0.0,142,0.0,0.0,673491.72051,1.0,Extreme Fear
2025-03-04,0x47add9a56df66b524d5e2c1993a43cde53b6ed85,7.052034,14,0.5037167142857143,0.14285714285714285,8893.28958,1.0,Extreme Fear
2025-03-04,0x4acb90e786d897ecffb614dc822eb231b4ffb9f4,0.0,60,0.0,0.0,999996.6401,1.0,Extreme Fear
2025-03-04,0x4f93fead39b70a1824f981a54d4e55b278e9f760,0.0,9,0.0,0.0,279939.09887,1.0,Extreme Fear
2025-03-04,0x513b8629fe877bb581bf244e326a047b249c4ff1,0.0,49,0.0,0.0,110787.01852,1.0,Extreme Fear
2025-03-04,0x6d6a4b953f202f8df5bed40692e7fd865318264a,298.031364,20,14.9015682,0.25,18458.776415,1.0,Extreme Fear
2025-03-04,0x8170715b3b381dffb7062c0298972d4727a0a63b,0.0,85,0.0,0.0,478472.79366,1.0,Extreme Fear
2025-03-04,0x8477e447846c758f5a675856001ea72298fd9cb5,0.0,6,0.0,0.0,3997.1994000000004,1.0,Extreme Fear
2025-03-04,0xaf40fdc468c30116bd3307bcbf4a451a7ebf1deb,2020.0,8,252.5,0.125,340220.0,1.0,Extreme Fear
2025-03-04,0xb1231a4a2dd02f2276fa3c5e2a2f3436e6bfed23,0.0,9,0.0,0.0,49999.950000000004,1.0,Extreme Fear
2025-03-04,0xb899e522b5715391ae1d4f137653e7906c5e2115,361.071464,24,15.044644333333332,0.2916666666666667,680921.11826,1.0,Extreme Fear
2025-03-04,0xbaaaf6571ab7d571043ff1e313a9609a10637864,3869.208803,937,4.129358381003201,0.5080042689434365,4382512.81949,1.0,Extreme Fear
2025-03-04,0xbd5fead7180a9c139fa51a103cb6a2ce86ddb5c3,-5862.0887760000005,12,-488.507398,0.0,84612.088776,1.0,Extreme Fear
2025-03-04,0xbee1707d6b44d4d52bfe19e41f8a828645437aab,-3368.876326,261,-12.9075721302682,0.0,445407.30777,1.0,Extreme Fear
2025-04-01,0x28736f43f1e871e6aa8b1148d38d4994275d72c4,232.66549799999999,81,2.872413555555555,0.49382716049382713,12691.333661,1.0,Fear
2025-04-01,0x47add9a56df66b524d5e2c1993a43cde53b6ed85,73.451675,57,1.2886258771929824,0.2631578947368421,35836.35277,1.0,Fear
2025-04-01,0x4f93fead39b70a1824f981a54d4e55b278e9f760,0.0,14,0.0,0.0,99999.719,1.0,Fear
2025-04-01,0x72743ae2822edd658c0c50608fd7c5c501b2afbd,0.0,141,0.0,0.0,1631350.0,1.0,Fear
2025-04-01,0x72c6a4624e1dffa724e6d00d64ceae698af892a0,0.0,1,0.0,0.0,2128.9500000000003,1.0,Fear
2025-04-01,0x8381e6d82f1affd39a336e143e081ef7620a3b7f,0.0,2,0.0,0.0,1421.7279999999998,1.0,Fear
2025-04-01,0x8477e447846c758f5a675856001ea72298fd9cb5,30.818079,51,0.6042760588235294,0.0392156862745098,9329.641265,1.0,Fear
2025-04-01,0xa520ded057a32086c40e7dd6ed4eb8efb82c00e0,556.803152,5,111.36063039999999,1.0,1065.4709699999999,1.0,Fear
2025-04-01,0xb1231a4a2dd02f2276fa3c5e2a2f3436e6bfed23,1659.7995640000001,19,87.35787178947369,0.6842105263157895,32206.48172,1.0,Fear
2025-04-02,0x083384f897ee0f19899168e3b1bec365f52a9012,375620.270243,531,707.3828064839925,0.15630885122410546,5616221.00975,1.0,Fear
2025-04-02,0x28736f43f1e871e6aa8b1148d38d4994275d72c4,1291.500575,48,26.90626197916667,0.3541666666666667,54703.70357,1.0,Fear
2025-04-02,0x47add9a56df66b524d5e2c1993a43cde53b6ed85,874.3810560000001,34,25.717089882352944,0.47058823529411764,13258.833808,1.0,Fear
2025-04-02,0x4f93fead39b70a1824f981a54d4e55b278e9f760,6403.5061239999995,9,711.5006804444444,1.0,858959.52055,1.0,Fear
2025-04-02,0x72c6a4624e1dffa724e6d00d64ceae698af892a0,0.0,1,0.0,0.0,15000.0,1.0,Fear
2025-04-02,0x75f7eeb85dc639d5e99c78f95393aa9a5f1170d4,1985.815595,76,26.129152565789475,0.9736842105263158,121983.85542600001,1.0,Fear
2025-04-02,0x8170715b3b381dffb7062c0298972d4727a0a63b,0.0,45,0.0,0.0,30451.72692,1.0,Fear
2025-04-02,0x8381e6d82f1affd39a336e143e081ef7620a3b7f,9167.620989,104,88.15020181730769,0.47115384615384615,6044911.95427,1.0,Fear
2025-04-02,0x8477e447846c758f5a675856001ea72298fd9cb5,0.0,6,0.0,0.0,2775.027306,1.0,Fear
2025-04-02,0xa0feb3725a9335f49874d7cd8eaad6be45b27416,4624.583773,731,6.326379990424077,0.18878248974008208,893174.025088,1.0,Fear
2025-04-02,0xb1231a4a2dd02f2276fa3c5e2a2f3436e6bfed23,16102.444634,661,24.360733183055974,0.3600605143721634,1623702.12999,1.0,Fear
2025-04-02,0xbd5fead7180a9c139fa51a103cb6a2ce86ddb5c3,0.0,18,0.0,0.0,68000.0,1.0,Fear
2025-04-02,0xbee1707d6b44d4d52bfe19e41f8a828645437aab,806.765131,248,3.2530852056451613,0.2862903225806452,335267.59546,1.0,Fear
2025-04-03,0x23e7a7f8d14b550961925fbfdaa92f5d195ba5bd,-3169.3554679999997,65,-48.759314892307685,0.0,114173.1822,1.0,Fear
2025-04-03,0x28736f43f1e871e6aa8b1148d38d4994275d72c4,163.73415,43,3.807770930232558,0.3023255813953488,46953.83078,1.0,Fear
2025-04-03,0x39cef799f8b69da1995852eea189df24eb5cae3c,863.956464,63,13.713594666666667,0.47619047619047616,202453.38899,1.0,Fear
2025-04-03,0x47add9a56df66b524d5e2c1993a43cde53b6ed85,444.266681,32,13.88333378125,0.21875,16090.36755,1.0,Fear
2025-04-03,0x4acb90e786d897ecffb614dc822eb231b4ffb9f4,0.0,155,0.0,0.0,860142.59895,1.0,Fear
2025-04-03,0x4f93fead39b70a1824f981a54d4e55b278e9f760,8002.939313,59,135.64303920338983,0.4745762711864407,1526486.53089,1.0,Fear
2025-04-03,0x72c6a4624e1dffa724e6d00d64ceae698af892a0,169132.29611,155,1091.1761039354838,0.4967741935483871,469661.9349,1.0,Fear
2025-04-03,0x8170715b3b381dffb7062c0298972d4727a0a63b,6939.47356,16,433.7170975,0.8125,14999.921,1.0,Fear
2025-04-03,0x8477e447846c758f5a675856001ea72298fd9cb5,54.2704,8,6.7838,0.125,8942.56982,1.0,Fear
2025-04-03,0xa0feb3725a9335f49874d7cd8eaad6be45b27416,0.0,40,0.0,0.0,14771.06682,1.0,Fear
2025-04-03,0xae5eacaf9c6b9111fd53034a602c192a04e082ed,0.0,21,0.0,0.0,152639.026726,1.0,Fear
2025-04-03,0xb1231a4a2dd02f2276fa3c5e2a2f3436e6bfed23,0.0,77,0.0,0.0,136289.60363199998,1.0,Fear
2025-04-03,0xb899e522b5715391ae1d4f137653e7906c5e2115,4578.655427,124,36.92464054032258,0.5080645161290323,2193702.3320999998,1.0,Fear
2025-04-03,0xbaaaf6571ab7d571043ff1e313a9609a10637864,0.0,563,0.0,0.0,3730033.3377300003,1.0,Fear
2025-04-03,0xbd5fead7180a9c139fa51a103cb6a2ce86ddb5c3,0.0,2,0.0,0.0,172000.0,1.0,Fear
2025-04-03,0xbee1707d6b44d4d52bfe19e41f8a828645437aab,-4934.6700519999995,979,-5.040520992849847,0.38508682328907046,1464907.31581,1.0,Fear
2025-04-04,0x28736f43f1e871e6aa8b1148d38d4994275d72c4,498.73528200000004,100,4.987352820000001,0.56,28054.42382,1.0,Fear
2025-04-04,0x39cef799f8b69da1995852eea189df24eb5cae3c,266.39774,34,7.835227647058823,1.0,673225.1458,1.0,Fear
2025-04-04,0x3f9a0aadc7f04a7c9d75dc1b5a6ddd6e36486cf6,0.0,1,0.0,0.0,63727.4,1.0,Fear
2025-04-04,0x47add9a56df66b524d5e2c1993a43cde53b6ed85,0.0,2,0.0,0.0,1749.55552,1.0,Fear
2025-04-04,0x4acb90e786d897ecffb614dc822eb231b4ffb9f4,0.0,51,0.0,0.0,421466.11319,1.0,Fear
2025-04-04,0x4f93fead39b70a1824f981a54d4e55b278e9f760,4591.427138999999,21,218.63938757142856,0.6190476190476191,424550.64394000004,1.0,Fear
2025-04-04,0x6d6a4b953f202f8df5bed40692e7fd865318264a,392.35488599999996,60,6.539248099999999,0.15,37577.757387,1.0,Fear
2025-04-04,0x8170715b3b381dffb7062c0298972d4727a0a63b,4805.345609999999,68,70.66684720588235,0.10294117647058823,63381.4897,1.0,Fear
2025-04-04,0x8477e447846c758f5a675856001ea72298fd9cb5,586.623362,54,10.863395592592594,0.3148148148148148,26109.736591999997,1.0,Fear
2025-04-04,0xb1231a4a2dd02f2276fa3c5e2a2f3436e6bfed23,2242.086667,99,22.64734007070707,0.6565656565656566,112749.30073,1.0,Fear
2025-04-04,0xb899e522b5715391ae1d4f137653e7906c5e2115,0.0,6,0.0,0.0,101691.63656000001,1.0,Fear
2025-04-04,0xbaaaf6571ab7d571043ff1e313a9609a10637864,9367.872074,318,29.45871721383648,0.6792452830188679,699197.76531,1.0,Fear
2025-04-04,0xbd5fead7180a9c139fa51a103cb6a2ce86ddb5c3,-43753.361578,132,-331.46486043939393,0.18181818181818182,719162.671081,1.0,Fear
2025-04-04,0xbee1707d6b44d4d52bfe19e41f8a828645437aab,-4513.160132,326,-13.844049484662577,0.15950920245398773,462902.09765,1.0,Fear
2025-05-01,0x28736f43f1e871e6aa8b1148d38d4994275d72c4,87.752181,82,1.0701485487804878,0.5365853658536586,8297.076945,1.0,Neutral
2025-05-01,0x47add9a56df66b524d5e2c1993a43cde53b6ed85,8.594753,38,0.2261777105263158,0.10526315789473684,16718.76349,1.0,Neutral
2025-05-01,0x4f93fead39b70a1824f981a54d4e55b278e9f760,890.33157,19,46.859556315789476,0.21052631578947367,369118.89317,1.0,Neutral
2025-05-01,0x72c6a4624e1dffa724e6d00d64ceae698af892a0,0.0,8,0.0,0.0,22909.5,1.0,Neutral
2025-05-01,0x7f4f299f74eec87806a830e3caa9afa5f2b9db8f,1093.05677,7,156.15096714285713,1.0,12797.12048,1.0,Neutral
2025-05-01,0x8381e6d82f1affd39a336e143e081ef7620a3b7f,0.0,1,0.0,0.0,456.82680000000005,1.0,Neutral
2025-05-01,0x8477e447846c758f5a675856001ea72298fd9cb5,151.429584,51,2.969207529411765,0.17647058823529413,10682.262804,1.0,Neutral
2025-05-01,0xb1231a4a2dd02f2276fa3c5e2a2f3436e6bfed23,956.5545050000001,33,28.986500151515152,0.9696969696969697,10963.064087451201,1.0,Neutral
2025-05-02,0x083384f897ee0f19899168e3b1bec365f52a9012,44400.9058,210,211.43288476190477,0.37142857142857144,5582863.30033,1.0,Greed
2025-05-02,0x28736f43f1e871e6aa8b1148d38d4994275d72c4,696.8107239999999,83,8.395309927710843,0.4457831325301205,75729.78498,1.0,Greed
2025-05-02,0x47add9a56df66b524d5e2c1993a43cde53b6ed85,32.72269,3,10.907563333333334,0.3333333333333333,1295.70462,1.0,Greed
2025-05-02,0x4f93fead39b70a1824f981a54d4e55b278e9f760,0.0,9,0.0,0.0,149967.24718,1.0,Greed
2025-05-02,0x75f7eeb85dc639d5e99c78f95393aa9a5f1170d4,14.590934,20,0.7295467,0.75,42145.051454,1.0,Greed
2025-05-02,0x8170715b3b381dffb7062c0298972d4727a0a63b,0.0,25,0.0,0.0,14999.80178,1.0,Greed
2025-05-02,0x8381e6d82f1affd39a336e143e081ef7620a3b7f,1843.301845,327,5.6370087003058105,0.3853211009174312,767745.00749,1.0,Greed
2025-05-02,0x8477e447846c758f5a675856001ea72298fd9cb5,554.257954,20,27.712897700000003,0.6,11099.198751,1.0,Greed
2025-05-02,0xa0feb3725a9335f49874d7cd8eaad6be45b27416,-6194.283149,368,-16.832291165760868,0.12228260869565218,1531595.618805,1.0,Greed
2025-05-02,0xb1231a4a2dd02f2276fa3c5e2a2f3436e6bfed23,14644.100674,218,67.17477373394495,0.42201834862385323,514427.42602,1.0,Greed
2025-05-02,0xbee1707d6b44d4d52bfe19e41f8a828645437aab,713.82809,14,50.987720714285715,0.7857142857142857,51363.41186,1.0,Greed
